First Name;Last Name;Company Name;Role In Company;Address;E-Mail;Phone Number;
Arthur;Murray;Aperture Inc.;Cement Mason & Concrete Finisher;5546 queens road;amurray@apertureinc.vegas;99379072133;
Oliver;Jenkins;Build-A-Bear Workshop;Administrative Assistant;5727 high street;ojenkins@build-a-bearworkshop.voyage;40481104198;
Leo;Baker;Adobe Systems;Respiratory Therapist;1595 victoria road;lbaker@adobesystems.scot;92484774217;
Ellie;Baker;Rackspace;Civil Engineer;5147 windsor road;ebaker@rackspace.exposed;26684174197;
Gabriel;Gill;Encompass Home Health And Hospice;Medical Engineer;5562 main street;ggill@encompasshomehealthandhospice.vacations;21292751310;
Sonny;Holland;Acuity;Insurance Agent;2165 st. john's road;sholland@acuity.moda;24693218097;
Grace;Dawson;Children's Healthcare of Atlanta;Bookkeepin;7064 church street;gdawson@childrenshealthcareofatlanta.fyi;87708261241;
Lewis;Hunter;Publix Super Markets;Web Developer;4510 park road;lhunter@publixsupermarkets.wales;25742360758;
Lilly;Williams;MediCare;Preschool Teacher;9944 church street;lwilliams@medicare.press;22310929754;
Zara;Cooke;Camden Property Trust;Middle School Teacher;5727 high street;zcooke@camdenpropertytrust.partners;14027810120;
Jenson;Lawrence;The Boston Consulting Group;Fabricator;1261 broadway;jlawrence@thebostonconsultinggroup.site;81025518830;
George;Wells;Adobe Systems;Advisor;2959 stanley road;gwells@adobesystems.miami;62505929120;
Joey;Khan;Pinnacle Financial Partners;Brickmason & Blockmason;3861 park road;jkhan@pinnaclefinancialpartners.bzh;40528874383;
Elijah;Gregory;KPMG;Medical Assistant;6598 mill lane;egregory@kpmg.vlaanderen;49588108002;
Kai;Chapman;Workday;Financial Manager;7078 the avenue;kchapman@workday.kaufen;87518472908;
Oliver;Page;Capital One;High School Teacher;7265 the green;opage@capitalone.investments;77374299992;
Rosie;Williamson;Camden Property Trust;Glazier;4419 alexander road;rwilliamson@camdenpropertytrust.codes;18176071792;
George;Atkinson;Timepath Inc.;Auto Mechanic;1378 alexander road;gatkinson@timepathinc.tools;49166886187;
Bethany;Gray;Acuity;Fabricator;4652 park avenue;bgray@acuity.shoes;34183774227;
Leon;Martin;SAP;Civil Engineer;5637 church street;lmartin@sap.cooking;16449299994;
